<?xml version="1.0" encoding="UTF-8"?>
<!DOCTYPE suite SYSTEM "https://testng.org/testng-1.0.dtd">
<suite name="Suite" parallel="tests">
  
  <test thread-count="5" name="ChromeTest">
  <parameter name="data" value="chrome"></parameter>
    <classes>
      <class name="com.abc.demo.CrossBrowser.CrossBrowserTesting"/>
    </classes>
  </test> <!-- Test -->
  
  <test thread-count="5" name="FirefoxTest">
  	<parameter name="data" value="firefox"></parameter>
    <classes>
      <class name="com.abc.demo.CrossBrowser.CrossBrowserTesting"/>
    </classes>
  </test> <!-- Test -->
</suite> <!-- Suite -->
